{
	"position":
	[
		[-10, 10, -4],
		[-12, 10, -16],
		[-10, 1, -4],
		[-4, 1, 16],
		[-4, 10, 16],
		[-2, 10, -20],
		[-4, 10, -24],
		[4, 1, -0],
		[8, 1, 16],
		[8, 10, 16],
		[12, 1, -0],
		[12, 1, -16],
		[12, 10, -16],
		[16, 1, -0],
		[19.8561, 1, 14.7696],
		[18, 10, 12],
		[20, 1, -0],
		[26.6983, 0.999995, 2.8443],
		[24, 1, -0],
		[28, -0.635013, -0],
		[26, 1, -4],
		[31.34, -0.696539, -0],
		[30, 1, -12],
		[33.4954, -0.662514, -0],
		[36, 10, -0],
		[42, 1, 4],
		[40, 1, -0],
		[37.1892, -0.775864, -0.00384176],
		[44, 1, 8],
		[46, 1, 4],
		[44, 1, -0],
		[42, 1, -4],
		[44, 1, -8],
		[48, 1, 8],
		[50, 1, 4],
		[48, 1, -0],
		[46, 1, -4],
		[48, 1, -8],
		[55.9959, 0.999999, 14.2694],
		[51.6679, 1, 6.50055],
		[54.4225, 1.00001, 5.42895],
		[52, 1, -0],
		[50, 1, -4],
		[57.9919, 1, 4.02834],
		[56, 1, -0],
		[54.4825, 1, -5.72426],
		[59.5102, 1, -12.1194],
		[60, 1, -0],
		[58.9566, 1, -3.71856]
	],
	"half_extent":
	[
		[18, 44.88, 18.24],
		[9, 44.4, 10.32],
		[20.16, 30, 18.24],
		[24.6, 15.72, 10.8],
		[24.6, 44.16, 10.68],
		[12.84, 14.76, 10.56],
		[9, 30, 10.32],
		[10.2, 21.6, 10.08],
		[10.08, 30, 11.16],
		[10.08, 30, 11.16],
		[3.48, 19.8, 8.64],
		[16.56, 30, 12.84],
		[16.56, 46.8, 15.84],
		[3.48, 19.8, 8.64],
		[24.36, 54.72, 11.04],
		[12, 30, 11.64],
		[3.48, 19.8, 8.64],
		[4, 21.6, 4],
		[3.48, 21.96, 8.64],
		[4, 4, 4],
		[4, 17.88, 4],
		[4, 4, 4],
		[13.92, 23.52, 9.36],
		[4, 4, 4],
		[6.6, 7.92, 4.2],
		[4, 19.44, 4],
		[4, 19.44, 4],
		[4, 4, 4],
		[4, 19.44, 4],
		[4, 19.44, 4],
		[4, 19.44, 4],
		[4, 19.44, 4],
		[4, 19.44, 4],
		[4, 19.44, 4],
		[4, 19.44, 4],
		[4, 19.44, 4],
		[4, 19.44, 4],
		[5.64, 19.44, 8.64],
		[6.96, 11.52, 5.88],
		[4, 19.8, 4],
		[7.68, 19.44, 8.64],
		[4, 19.44, 4],
		[4, 19.44, 4],
		[4, 19.44, 4],
		[4, 19.44, 4],
		[5.16, 19.44, 11.52],
		[7.08, 14.16, 7.68],
		[10.2, 19.44, 4],
		[5.76, 19.44, 5.4]
	],
	"sampling_pos":
	[
		[-10, 10, -4],
		[-12, 10, -16],
		[-10, 1, -4],
		[-4, 1, 16],
		[-4, 10, 16],
		[-2, 10, -20],
		[-4, 10, -24],
		[4, 1, -0],
		[8, 1, 16],
		[8, 10, 16],
		[12, 1, -0],
		[12, 1, -16],
		[12, 10, -16],
		[16, 1, -0],
		[19.8561, 1, 14.7696],
		[18, 10, 12],
		[20, 1, -0],
		[26.6983, 0.999994, 2.8443],
		[24, 1, -0],
		[28, -0.635013, -0],
		[26, 1, -4],
		[31.34, -0.696539, -0],
		[30, 1, -12],
		[33.4954, -0.662514, -0],
		[36, 10, -0],
		[42, 1, 4],
		[40, 1, -0],
		[37.1892, -0.775864, -0.00384188],
		[44, 1, 8],
		[46, 1, 4],
		[44, 1, -0],
		[42, 1, -4],
		[44, 1, -8],
		[48, 1, 8],
		[50, 1, 4],
		[48, 1, -0],
		[46, 1, -4],
		[48, 1, -8],
		[55.9959, 0.999999, 14.2694],
		[51.6679, 1, 6.50055],
		[53.931, 1.00001, 4.32303],
		[52, 1, -0],
		[50, 1, -4],
		[57.9919, 1, 4.02834],
		[56, 1, -0],
		[54.4825, 1, -5.72426],
		[59.5102, 1, -12.1194],
		[60, 1, -0],
		[58.9566, 1, -3.71856]
	]
}
