{
	"position":
	[
		[-12.3246, 8.30251, -15.1257],
		[-10, 1, -4],
		[-4, 4.56616, 8],
		[2, 1, 12],
		[4, 1, -0],
		[9.29925, 1.73201, -0],
		[9.17384, 1, -15.3823],
		[13.2484, 1, 10.1744],
		[20, 1, -8],
		[20.668, 1.00001, 14.715],
		[21.22, -0.424673, -0],
		[28.1545, -0.635013, -0],
		[28.0285, 1, -11.1235],
		[33.4954, -0.662514, -0],
		[40, 1, -0],
		[48, 1, 8],
		[48, 1, -0],
		[48, 1, -8],
		[56, 1, -0],
		[60.2274, 1, -11.1346],
		[66.5077, 1, 3.03126],
		[59.2595, 1, 17.6187]
	],
	"half_extent":
	[
		[10.8, 46.32, 13.32],
		[17.16, 51.36, 17.04],
		[20.28, 49.2, 19.32],
		[7.68, 28.08, 15.48],
		[10.2, 21.6, 10.08],
		[8.28, 19.08, 7.32],
		[16.2, 52.8, 14.88],
		[12.12, 23.28, 11.4],
		[9.24, 24.48, 8.64],
		[12.6, 52.08, 12.12],
		[5.76, 21.36, 11.28],
		[4, 4, 4],
		[13.32, 18.72, 9.24],
		[4, 4, 4],
		[5.16, 19.44, 4],
		[9.12, 19.44, 6.96],
		[6, 19.44, 5.04],
		[9.96, 19.44, 6],
		[7.56, 19.44, 9.24],
		[6.6, 7.44, 6],
		[3.6, 18, 8.04],
		[11.04, 14.16, 8.64]
	],
	"sampling_pos":
	[
		[-12.3246, 8.30251, -15.1257],
		[-10, 1, -4],
		[-4, 4.56616, 8],
		[2, 1, 12],
		[4, 1, -0],
		[9.29925, 1.73201, -0],
		[9.17384, 1, -15.3823],
		[13.2484, 1, 10.1744],
		[20, 1, -8],
		[20.668, 1.00001, 14.715],
		[21.22, -0.424673, -0],
		[28.1545, -0.635013, -0],
		[28.0285, 1, -11.1235],
		[33.4954, -0.662514, -0],
		[40, 1, -0],
		[48, 1, 8],
		[48, 1, -0],
		[48, 1, -8],
		[56, 1, -0],
		[60.2274, 1, -11.1346],
		[64.1749, 1, 3.03126],
		[54.6668, 1, 12.642]
	]
}
