{
 "additive_factor": 0,
 "air_resistance": 1,
 "angular_velocity_max": 3,
 "angular_velocity_min": -7,
 "aperture": [ 0.30000001192092896, 0.30000001192092896, 0.30000001192092896 ],
 "base_opacity": 1,
 "base_size_max": 2.200000047683716,
 "base_size_min": 1.399999976158142,
 "color_texture_filename": "particle_fire.tga",
 "emit_rate": 19.04759979248047,
 "emit_rotation_max": 42,
 "emit_rotation_min": -63,
 "emit_velocity_max": 3.5,
 "emit_velocity_min": 1.5,
 "external_velocity_inheritance": 0.3359000086784363,
 "flipbook_cols": 5,
 "flipbook_end_cell": 1,
 "flipbook_framerate": 1,
 "flipbook_randomize_start_frame": true,
 "flipbook_rows": 10,
 "flipbook_start_cell": 0,
 "focus_distance": 2.380199909210205,
 "gravity": [ 0, 0, 0 ],
 "lifespan_max": 0.6000000238418579,
 "lifespan_min": 0.30000001192092896,
 "max_particle_count": 100,
 "normal_texture_filename": "particle_fire_norm.tga",
 "opacity_curve_0": [ 0, 0.9731543660163879 ],
 "opacity_curve_1": [ 0.33000001311302185, 1 ],
 "opacity_curve_2": [ 0.6600000262260437, 1 ],
 "opacity_curve_3": [ 1, 0.9932885766029358 ],
 "roundness": 1,
 "shade_factor": 0,
 "size_curve_0": [ 0, 0.1342281848192215 ],
 "size_curve_1": [ 0.3026706278324127, 0.42281877994537354 ],
 "size_curve_2": [ 0.6735904812812805, 0.5302013158798218 ],
 "size_curve_3": [ 1, 0.6174496412277222 ],
 "step_rate": 48,
 "turbulence_amplitude_max": [ 3.700000047683716, 3, 3 ],
 "turbulence_amplitude_min": [ 1.7000000476837158, 3, 3 ],
 "turbulence_frequency_max": [ 0, 0, 0 ],
 "turbulence_frequency_min": [ 0, 0, 0 ],
 "wind_velocity": [ 0, 0, 0 ]
}
