{
 "additive_factor": 0.029600000008940697,
 "air_resistance": 0.6334999799728394,
 "angular_velocity_max": 1,
 "angular_velocity_min": 0,
 "aperture": [ 0.9470999836921692, 0.8810999989509583, 0.9251000285148621 ],
 "base_opacity": 0.7810999751091003,
 "base_size_max": 3.890000104904175,
 "base_size_min": 1,
 "color_texture_filename": "particle_fire.tga",
 "emit_rate": 44.65409851074219,
 "emit_rotation_max": 20.600000381469727,
 "emit_rotation_min": 0,
 "emit_velocity_max": 1,
 "emit_velocity_min": 0.10000000149011612,
 "external_velocity_inheritance": 0,
 "flipbook_cols": 5,
 "flipbook_end_cell": 44,
 "flipbook_framerate": 1,
 "flipbook_randomize_start_frame": true,
 "flipbook_rows": 10,
 "flipbook_start_cell": 26,
 "focus_distance": 0.14749999344348907,
 "gravity": [ 0, 0, 0 ],
 "lifespan_max": 4,
 "lifespan_min": 0.44999998807907104,
 "max_particle_count": 250,
 "normal_texture_filename": "particle_fire_norm.tga",
 "opacity_curve_0": [ 0, 0 ],
 "opacity_curve_1": [ 0.3340807259082794, 1 ],
 "opacity_curve_2": [ 0.6600000262260437, 1 ],
 "opacity_curve_3": [ 1, 0 ],
 "roundness": 0.90829998254776,
 "shade_factor": 0.7958999872207642,
 "size_curve_0": [ 0, 0 ],
 "size_curve_1": [ 0.33000001311302185, 1 ],
 "size_curve_2": [ 0.6600000262260437, 1 ],
 "size_curve_3": [ 1, 0 ],
 "step_rate": 48,
 "turbulence_amplitude_max": [ 1, 1, 1 ],
 "turbulence_amplitude_min": [ 0, 0, 0 ],
 "turbulence_frequency_max": [ 1, 1, 1 ],
 "turbulence_frequency_min": [ 1, 1, 1 ],
 "wind_velocity": [ 0, 0, 0 ]
}
