{
 "additive_factor": 0.7426000237464905,
 "air_resistance": 1,
 "angular_velocity_max": 10.600000381469727,
 "angular_velocity_min": -10.600000381469727,
 "aperture": [ 1.792199969291687, 0.2337999939918518, 2.077899932861328 ],
 "base_opacity": 1.7101000547409058,
 "base_size_max": 2.7699999809265137,
 "base_size_min": 2.7699999809265137,
 "color_texture_filename": "particle_fire.tga",
 "emit_rate": 1,
 "emit_rotation_max": 20.600000381469727,
 "emit_rotation_min": -20.600000381469727,
 "emit_velocity_max": 1.600000023841858,
 "emit_velocity_min": 1.600000023841858,
 "external_velocity_inheritance": 0,
 "flipbook_cols": 5,
 "flipbook_end_cell": 30,
 "flipbook_framerate": 1,
 "flipbook_randomize_start_frame": true,
 "flipbook_rows": 10,
 "flipbook_start_cell": 22,
 "focus_distance": 12.600000381469727,
 "gravity": [ 0, -1.1875, 0 ],
 "lifespan_max": 2.940000057220459,
 "lifespan_min": 2.940000057220459,
 "max_particle_count": 250,
 "normal_texture_filename": "particle_fire_norm.tga",
 "opacity_curve_0": [ 0, 0 ],
 "opacity_curve_1": [ 0.33000001311302185, 1 ],
 "opacity_curve_2": [ 0.6600000262260437, 1 ],
 "opacity_curve_3": [ 1, 0 ],
 "roundness": 1,
 "shade_factor": 0.7721999883651733,
 "size_curve_0": [ 0, 0 ],
 "size_curve_1": [ 0.33000001311302185, 1 ],
 "size_curve_2": [ 0.6600000262260437, 1 ],
 "size_curve_3": [ 1, 0 ],
 "step_rate": 48,
 "turbulence_amplitude_max": [ 3, 3, 3 ],
 "turbulence_amplitude_min": [ 3, 3, 3 ],
 "turbulence_frequency_max": [ 1, 1, 1 ],
 "turbulence_frequency_min": [ 1, 1, 1 ],
 "wind_velocity": [ 0, 0, 0 ]
}
