{
 "additive_factor": 0.005900000222027302,
 "air_resistance": 0.9876999855041504,
 "angular_velocity_max": 10.600000381469727,
 "angular_velocity_min": -10.600000381469727,
 "aperture": [ 3.0260000228881836, 1.8442000150680542, 3.168800115585327 ],
 "base_opacity": 0.08879999816417694,
 "base_size_max": 6.192500114440918,
 "base_size_min": 5.507500171661377,
 "color_texture_filename": "particle_fire.tga",
 "emit_rate": 0,
 "emit_rotation_max": 20.600000381469727,
 "emit_rotation_min": -20.600000381469727,
 "emit_velocity_max": 1.690000057220459,
 "emit_velocity_min": 1.690000057220459,
 "external_velocity_inheritance": 0,
 "flipbook_cols": 5,
 "flipbook_end_cell": 30,
 "flipbook_framerate": 1,
 "flipbook_randomize_start_frame": true,
 "flipbook_rows": 10,
 "flipbook_start_cell": 26,
 "focus_distance": 6,
 "gravity": [ 0, 0, 0 ],
 "lifespan_max": 5,
 "lifespan_min": 5,
 "max_particle_count": 150,
 "normal_texture_filename": "particle_fire_norm.tga",
 "opacity_curve_0": [ 0, 0 ],
 "opacity_curve_1": [ 0.33000001311302185, 1 ],
 "opacity_curve_2": [ 0.6600000262260437, 1 ],
 "opacity_curve_3": [ 1, 0 ],
 "roundness": 0.2071000039577484,
 "shade_factor": 0.5857999920845032,
 "size_curve_0": [ 0, 0 ],
 "size_curve_1": [ 0.33000001311302185, 1 ],
 "size_curve_2": [ 0.6600000262260437, 1 ],
 "size_curve_3": [ 1, 0 ],
 "step_rate": 48,
 "turbulence_amplitude_max": [ 2.569999933242798, 2.2149999141693115, 1.7799999713897705 ],
 "turbulence_amplitude_min": [ 1.6299999952316284, 1.125, 0.6499999761581421 ],
 "turbulence_frequency_max": [ 0.9599999785423279, 0.6700000166893005, 1.0099999904632568 ],
 "turbulence_frequency_min": [ 0, 0.3499999940395355, 0.550000011920929 ],
 "wind_velocity": [ 0, 0, 0 ]
}
