{
 "additive_factor": 0.13019999861717224,
 "air_resistance": 1,
 "angular_velocity_max": 10.600000381469727,
 "angular_velocity_min": -10.600000381469727,
 "aperture": [ 2.922100067138672, 0.3635999858379364, 2.9481000900268555 ],
 "base_opacity": 1.698199987411499,
 "base_size_max": 3.3399999141693115,
 "base_size_min": 3.3399999141693115,
 "color_texture_filename": "particle_fire.tga",
 "emit_rate": 46.54090118408203,
 "emit_rotation_max": 20.600000381469727,
 "emit_rotation_min": -20.600000381469727,
 "emit_velocity_max": 1.690000057220459,
 "emit_velocity_min": 1.690000057220459,
 "external_velocity_inheritance": 0,
 "flipbook_cols": 5,
 "flipbook_end_cell": 30,
 "flipbook_framerate": 1,
 "flipbook_randomize_start_frame": true,
 "flipbook_rows": 10,
 "flipbook_start_cell": 25,
 "focus_distance": 10,
 "gravity": [ 0, -1.0625, 0 ],
 "lifespan_max": 5,
 "lifespan_min": 5,
 "max_particle_count": 100,
 "normal_texture_filename": "particle_fire_norm.tga",
 "opacity_curve_0": [ 0, 0 ],
 "opacity_curve_1": [ 0.33000001311302185, 1 ],
 "opacity_curve_2": [ 0.6600000262260437, 1 ],
 "opacity_curve_3": [ 1, 0 ],
 "roundness": 0,
 "shade_factor": 0.23960000276565552,
 "size_curve_0": [ 0, 0 ],
 "size_curve_1": [ 0.33000001311302185, 1 ],
 "size_curve_2": [ 0.6600000262260437, 1 ],
 "size_curve_3": [ 1, 0 ],
 "step_rate": 48,
 "turbulence_amplitude_max": [ 3, 3, 3 ],
 "turbulence_amplitude_min": [ 3, 3, 3 ],
 "turbulence_frequency_max": [ 1, 1, 1 ],
 "turbulence_frequency_min": [ 1, 1, 1 ],
 "wind_velocity": [ 0, 0, 0 ]
}
